scenario	http	point keys	point found	point missing	queries	query docs	empty queries	aggregations	deletes	equivalent without missing	equivalent with missing
rollup-empty	6	2	2	0	1	0	1	0	0	3	3
rollup-1-planning-unique-actors	7	7	2	5	1	1	0	0	0	3	8
rollup-19-planning-unique-actors	7	61	2	59	1	19	0	0	0	21	80
rollup-20-planning-unique-actors	12	66	4	62	2	20	1	0	0	25	87
rollup-21-planning-unique-actors	13	71	4	67	2	21	0	0	0	25	92
rollup-100-planning-unique-actors	31	320	10	310	5	100	0	0	0	110	420
rollup-100-planning-same-actor-session	31	35	10	25	5	100	0	0	0	110	135
rollup-100-two-late-conflicts	45	448	14	434	7	140	0	0	0	154	588
snapshot-steady-clean-existing-job	3	67	3	64	0	0	0	0	0	3	67
snapshot-day-bootstrap-empty	36	133	3	130	30	0	30	0	64	33	163
snapshot-dirty-empty	39	134	4	130	30	0	30	0	64	34	164
snapshot-1-actors-each-30-dates	39	134	4	130	30	30	0	0	64	34	164
snapshot-100-actors-each-30-dates	39	134	4	130	30	3000	0	0	64	3004	3134
snapshot-499-actors-each-30-dates	39	134	4	130	30	14970	0	0	64	14974	15104
snapshot-500-actors-each-30-dates	41	133	3	130	35	9000	17	0	0	9020	9150
snapshot-1000-actors-each-30-dates	41	133	3	130	35	12000	11	0	0	12014	12144
backfill-both-complete	3	2	2	0	0	0	0	0	0	2	2
backfill-0-profiles-enrichment-empty	7	2	0	2	2	0	2	0	0	2	4
backfill-1-profiles-enrichment-empty	7	2	0	2	2	1	1	0	0	2	4
backfill-100-profiles-enrichment-empty	10	3	1	2	3	100	2	0	0	103	105
backfill-250-profiles-enrichment-empty	10	3	1	2	3	200	1	0	0	202	204
backfill-complete-1-unenriched-users	7	2	1	1	2	1	1	1	0	3	4
backfill-complete-17-unenriched-users	39	2	1	1	18	17	17	17	0	35	36
backfill-250-profiles-17-users	44	3	1	2	20	217	17	17	0	235	237
retention-empty	5	0	0	0	4	0	4	0	0	4	4
retention-1-unexpired-each-4-collections	5	0	0	0	4	4	0	0	0	4	4
retention-30-unexpired-each-4-collections	5	0	0	0	4	120	0	0	0	120	120
retention-100-unexpired-each-4-collections	5	0	0	0	4	400	0	0	0	400	400
retention-1000-unexpired-each-4-collections	5	0	0	0	4	400	0	0	0	400	400
retention-100-unexpired-repeat	5	0	0	0	4	400	0	0	0	400	400
retention-max-expired-backlog	11	0	0	0	8	800	0	0	800	800	800
no-op	0	0	0	0	0	0	0	0	0	0	0
